x,y,t
0.627193,1.11282,1.71017e+09
0.627193,1.11282,1.71017e+09
0.627193,1.11282,1.71017e+09
0.627193,1.11282,1.71017e+09
0.627193,1.11282,1.71017e+09
0.627193,1.11282,1.71017e+09
0.627193,1.11282,1.71017e+09
0.627193,1.11282,1.71017e+09
0.627193,1.11282,1.71017e+09
0.627193,1.11282,1.71017e+09
0.627193,1.11282,1.71017e+09
0.627193,1.11282,1.71017e+09
0.627193,1.11282,1.71017e+09
0.627193,1.11282,1.71017e+09
0.627193,1.11282,1.71017e+09
0.627193,1.11282,1.71017e+09
0.627193,1.11282,1.71017e+09
0.627193,1.11282,1.71017e+09
0.627193,1.11282,1.71017e+09
0.627193,1.11282,1.71017e+09
0.627193,1.11282,1.71017e+09
0.627193,1.11282,1.71017e+09
0.627193,1.11282,1.71017e+09
0.627193,1.11282,1.71017e+09
0.627193,1.11282,1.71017e+09
0.627193,1.11282,1.71017e+09
0.627193,1.11282,1.71017e+09
0.627193,1.11282,1.71017e+09
0.627193,1.11282,1.71017e+09
0.627193,1.11282,1.71017e+09
0.627193,1.11282,1.71017e+09
0.627193,1.11282,1.71017e+09
0.627193,1.11282,1.71017e+09
0.627193,1.11282,1.71017e+09
0.627193,1.11282,1.71017e+09
0.627193,1.11282,1.71017e+09
0.627193,1.11282,1.71017e+09
0.627193,1.11282,1.71017e+09
0.627193,1.11282,1.71017e+09
0.627193,1.11282,1.71017e+09
0.627193,1.11282,1.71017e+09
0.627193,1.11282,1.71017e+09
0.627193,1.11282,1.71017e+09
0.627193,1.11282,1.71017e+09
0.627193,1.11282,1.71017e+09
0.627193,1.11282,1.71017e+09
0.627193,1.11282,1.71017e+09
0.627193,1.11282,1.71017e+09
0.627193,1.11282,1.71017e+09
0.627193,1.11282,1.71017e+09
0.627193,1.11282,1.71017e+09
0.627193,1.11282,1.71017e+09
0.627193,1.11282,1.71017e+09
0.627193,1.11282,1.71017e+09
0.627193,1.11282,1.71017e+09
0.627193,1.11282,1.71017e+09
0.627193,1.11282,1.71017e+09
0.627193,1.11282,1.71017e+09
0.627193,1.11282,1.71017e+09
0.627193,1.11282,1.71017e+09
0.627193,1.11282,1.71017e+09
0.627193,1.11282,1.71017e+09
0.627193,1.11282,1.71017e+09
0.627193,1.11282,1.71017e+09
0.627193,1.11282,1.71017e+09
0.627193,1.11282,1.71017e+09
0.627193,1.11282,1.71017e+09
0.627193,1.11282,1.71017e+09
0.627193,1.11282,1.71017e+09
0.627193,1.11282,1.71017e+09
0.627193,1.11282,1.71017e+09
0.624555,1.11282,1.71017e+09
0.624555,1.11282,1.71017e+09
0.624555,1.11282,1.71017e+09
0.624555,1.11282,1.71017e+09
0.624555,1.11282,1.71017e+09
0.624555,1.11282,1.71017e+09
0.624555,1.11282,1.71017e+09
0.624555,1.11282,1.71017e+09
0.624555,1.11282,1.71017e+09
0.624555,1.11282,1.71017e+09
0.624555,1.11282,1.71017e+09
0.624555,1.11282,1.71017e+09
0.624555,1.11282,1.71017e+09
0.624555,1.11282,1.71017e+09
0.624555,1.11282,1.71017e+09
0.624555,1.11282,1.71017e+09
0.624555,1.11282,1.71017e+09
0.624555,1.11282,1.71017e+09
0.624555,1.11282,1.71017e+09
0.624555,1.11282,1.71017e+09
0.624555,1.11282,1.71017e+09
0.624555,1.11282,1.71017e+09
0.624555,1.11282,1.71017e+09
0.624555,1.11282,1.71017e+09
0.624555,1.11282,1.71017e+09
0.624555,1.11282,1.71017e+09
0.624555,1.11282,1.71017e+09
0.624555,1.11282,1.71017e+09
0.624555,1.11282,1.71017e+09
0.624555,1.11282,1.71017e+09
0.624555,1.11282,1.71017e+09
0.624555,1.11282,1.71017e+09
0.624555,1.11282,1.71017e+09
0.624555,1.11282,1.71017e+09
0.624555,1.11282,1.71017e+09
0.624555,1.11282,1.71017e+09
0.624555,1.11282,1.71017e+09
0.624555,1.11282,1.71017e+09
0.624555,1.11282,1.71017e+09
0.624555,1.11282,1.71017e+09
0.624555,1.11282,1.71017e+09
0.624555,1.11282,1.71017e+09
0.624555,1.11282,1.71017e+09
0.624555,1.11282,1.71017e+09
0.624555,1.11282,1.71017e+09
0.624555,1.11282,1.71017e+09
0.624555,1.11282,1.71017e+09
0.624555,1.11282,1.71017e+09
0.624555,1.11282,1.71017e+09
0.624555,1.11282,1.71017e+09
0.624555,1.11282,1.71017e+09
0.624555,1.11282,1.71017e+09
0.624555,1.11282,1.71017e+09
0.624555,1.11282,1.71017e+09
0.624555,1.11282,1.71017e+09
0.624555,1.11282,1.71017e+09
0.624555,1.11282,1.71017e+09
0.624555,1.11282,1.71017e+09
0.624555,1.11282,1.71017e+09
0.624555,1.11282,1.71017e+09
0.624555,1.11282,1.71017e+09
0.624555,1.11282,1.71017e+09
0.624555,1.11282,1.71017e+09
0.626106,1.11748,1.71017e+09
0.626106,1.11748,1.71017e+09
0.626106,1.11748,1.71017e+09
0.626106,1.11748,1.71017e+09
0.626106,1.11748,1.71017e+09
0.626106,1.11748,1.71017e+09
0.626106,1.11748,1.71017e+09
0.626106,1.11748,1.71017e+09
0.626106,1.11748,1.71017e+09
0.626106,1.11748,1.71017e+09
0.626106,1.11748,1.71017e+09
0.626106,1.11748,1.71017e+09
0.626106,1.11748,1.71017e+09
0.626106,1.11748,1.71017e+09
0.626106,1.11748,1.71017e+09
0.626106,1.11748,1.71017e+09
0.626106,1.11748,1.71017e+09
0.626106,1.11748,1.71017e+09
0.626106,1.11748,1.71017e+09
0.626106,1.11748,1.71017e+09
0.626106,1.11748,1.71017e+09
0.626106,1.11748,1.71017e+09
0.626106,1.11748,1.71017e+09
0.626106,1.11748,1.71017e+09
0.626106,1.11748,1.71017e+09
0.626106,1.11748,1.71017e+09
0.626106,1.11748,1.71017e+09
0.626106,1.11748,1.71017e+09
0.626106,1.11748,1.71017e+09
0.626106,1.11748,1.71017e+09
0.626106,1.11748,1.71017e+09
0.626106,1.11748,1.71017e+09
0.626106,1.11748,1.71017e+09
0.626106,1.11748,1.71017e+09
0.626106,1.11748,1.71017e+09
0.626106,1.11748,1.71017e+09
0.626106,1.11748,1.71017e+09
0.626106,1.11748,1.71017e+09
0.626106,1.11748,1.71017e+09
0.626106,1.11748,1.71017e+09
0.626106,1.11748,1.71017e+09
0.626106,1.11748,1.71017e+09
0.626106,1.11748,1.71017e+09
0.626106,1.11748,1.71017e+09
0.626106,1.11748,1.71017e+09
0.626106,1.11748,1.71017e+09
0.626106,1.11748,1.71017e+09
0.626106,1.11748,1.71017e+09
0.626106,1.11748,1.71017e+09
0.626106,1.11748,1.71017e+09
0.626106,1.11748,1.71017e+09
0.626106,1.11748,1.71017e+09
0.626106,1.11748,1.71017e+09
0.626106,1.11748,1.71017e+09
0.626106,1.11748,1.71017e+09
0.626106,1.11748,1.71017e+09
0.626106,1.11748,1.71017e+09
0.626106,1.11748,1.71017e+09
0.626106,1.11748,1.71017e+09
0.626106,1.11748,1.71017e+09
0.626106,1.11748,1.71017e+09
0.626106,1.11748,1.71017e+09
0.626106,1.11748,1.71017e+09
0.626106,1.11748,1.71017e+09
0.626106,1.11748,1.71017e+09
0.626106,1.11748,1.71017e+09
0.626106,1.11748,1.71017e+09
0.626106,1.11748,1.71017e+09
0.626106,1.11748,1.71017e+09
0.626106,1.11748,1.71017e+09
0.626106,1.11748,1.71017e+09
0.626106,1.11748,1.71017e+09
0.630029,1.12361,1.71017e+09
0.630029,1.12361,1.71017e+09
0.630029,1.12361,1.71017e+09
0.630029,1.12361,1.71017e+09
0.630029,1.12361,1.71017e+09
0.630029,1.12361,1.71017e+09
0.630029,1.12361,1.71017e+09
0.630029,1.12361,1.71017e+09
0.630029,1.12361,1.71017e+09
0.630029,1.12361,1.71017e+09
0.630029,1.12361,1.71017e+09
0.630029,1.12361,1.71017e+09
0.630029,1.12361,1.71017e+09
0.630029,1.12361,1.71017e+09
0.630029,1.12361,1.71017e+09
0.630029,1.12361,1.71017e+09
0.630029,1.12361,1.71017e+09
0.630029,1.12361,1.71017e+09
0.630029,1.12361,1.71017e+09
0.630029,1.12361,1.71017e+09
0.630029,1.12361,1.71017e+09
0.630029,1.12361,1.71017e+09
0.630029,1.12361,1.71017e+09
0.630029,1.12361,1.71017e+09
0.630029,1.12361,1.71017e+09
0.630029,1.12361,1.71017e+09
0.630029,1.12361,1.71017e+09
0.630029,1.12361,1.71017e+09
0.630029,1.12361,1.71017e+09
0.630029,1.12361,1.71017e+09
0.630029,1.12361,1.71017e+09
0.630029,1.12361,1.71017e+09
0.630029,1.12361,1.71017e+09
0.630029,1.12361,1.71017e+09
0.630029,1.12361,1.71017e+09
0.630029,1.12361,1.71017e+09
0.630029,1.12361,1.71017e+09
0.630029,1.12361,1.71017e+09
0.630029,1.12361,1.71017e+09
0.630029,1.12361,1.71017e+09
0.630029,1.12361,1.71017e+09
0.630029,1.12361,1.71017e+09
0.630029,1.12361,1.71017e+09
0.630029,1.12361,1.71017e+09
0.630029,1.12361,1.71017e+09
0.630029,1.12361,1.71017e+09
0.630029,1.12361,1.71017e+09
0.630029,1.12361,1.71017e+09
0.630029,1.12361,1.71017e+09
0.630029,1.12361,1.71017e+09
0.630029,1.12361,1.71017e+09
0.630029,1.12361,1.71017e+09
0.630029,1.12361,1.71017e+09
0.630029,1.12361,1.71017e+09
0.630029,1.12361,1.71017e+09
0.630029,1.12361,1.71017e+09
0.630029,1.12361,1.71017e+09
0.630029,1.12361,1.71017e+09
0.630029,1.12361,1.71017e+09
0.630029,1.12361,1.71017e+09
0.630029,1.12361,1.71017e+09
0.630029,1.12361,1.71017e+09
0.630029,1.12361,1.71017e+09
0.630029,1.12361,1.71017e+09
0.630029,1.12361,1.71017e+09
0.630029,1.12361,1.71017e+09
0.630029,1.12361,1.71017e+09
0.630029,1.12361,1.71017e+09
0.630029,1.12361,1.71017e+09
0.630029,1.12361,1.71017e+09
0.630029,1.12361,1.71017e+09
0.630029,1.12361,1.71017e+09
0.631582,1.12787,1.71017e+09
0.631582,1.12787,1.71017e+09
0.631582,1.12787,1.71017e+09
0.631582,1.12787,1.71017e+09
0.631582,1.12787,1.71017e+09
0.631582,1.12787,1.71017e+09
0.631582,1.12787,1.71017e+09
0.631582,1.12787,1.71017e+09
0.631582,1.12787,1.71017e+09
0.631582,1.12787,1.71017e+09
0.631582,1.12787,1.71017e+09
0.631582,1.12787,1.71017e+09
0.631582,1.12787,1.71017e+09
0.631582,1.12787,1.71017e+09
0.631582,1.12787,1.71017e+09
0.631582,1.12787,1.71017e+09
0.631582,1.12787,1.71017e+09
0.631582,1.12787,1.71017e+09
0.631582,1.12787,1.71017e+09
0.631582,1.12787,1.71017e+09
0.631582,1.12787,1.71017e+09
0.631582,1.12787,1.71017e+09
0.631582,1.12787,1.71017e+09
0.631582,1.12787,1.71017e+09
0.631582,1.12787,1.71017e+09
0.631582,1.12787,1.71017e+09
0.631582,1.12787,1.71017e+09
0.631582,1.12787,1.71017e+09
0.631582,1.12787,1.71017e+09
0.631582,1.12787,1.71017e+09
0.631582,1.12787,1.71017e+09
0.631582,1.12787,1.71017e+09
0.631582,1.12787,1.71017e+09
0.631582,1.12787,1.71017e+09
0.631582,1.12787,1.71017e+09
0.631582,1.12787,1.71017e+09
0.631582,1.12787,1.71017e+09
0.631582,1.12787,1.71017e+09
0.631582,1.12787,1.71017e+09
0.631582,1.12787,1.71017e+09
0.631582,1.12787,1.71017e+09
0.631582,1.12787,1.71017e+09
0.631582,1.12787,1.71017e+09
0.631582,1.12787,1.71017e+09
0.631582,1.12787,1.71017e+09
0.631582,1.12787,1.71017e+09
0.631582,1.12787,1.71017e+09
0.631582,1.12787,1.71017e+09
0.631582,1.12787,1.71017e+09
0.631582,1.12787,1.71017e+09
0.631582,1.12787,1.71017e+09
0.631582,1.12787,1.71017e+09
0.631582,1.12787,1.71017e+09
0.631582,1.12787,1.71017e+09
0.631582,1.12787,1.71017e+09
0.631582,1.12787,1.71017e+09
0.631582,1.12787,1.71017e+09
0.631582,1.12787,1.71017e+09
0.631582,1.12787,1.71017e+09
0.631582,1.12787,1.71017e+09
0.631582,1.12787,1.71017e+09
0.631582,1.12787,1.71017e+09
0.631582,1.12787,1.71017e+09
0.631582,1.12787,1.71017e+09
0.631582,1.12787,1.71017e+09
0.631582,1.12787,1.71017e+09
0.631582,1.12787,1.71017e+09
0.631582,1.12787,1.71017e+09
0.631582,1.12787,1.71017e+09
0.631582,1.12787,1.71017e+09
0.631582,1.12787,1.71017e+09
0.631582,1.12787,1.71017e+09
0.631582,1.12787,1.71017e+09
0.631481,1.13022,1.71017e+09
0.631481,1.13022,1.71017e+09
0.631481,1.13022,1.71017e+09
0.631481,1.13022,1.71017e+09
0.631481,1.13022,1.71017e+09
0.631481,1.13022,1.71017e+09
0.631481,1.13022,1.71017e+09
0.631481,1.13022,1.71017e+09
0.631481,1.13022,1.71017e+09
0.631481,1.13022,1.71017e+09
0.631481,1.13022,1.71017e+09
0.631481,1.13022,1.71017e+09
0.631481,1.13022,1.71017e+09
0.631481,1.13022,1.71017e+09
0.631481,1.13022,1.71017e+09
0.631481,1.13022,1.71017e+09
0.631481,1.13022,1.71017e+09
0.631481,1.13022,1.71017e+09
0.631481,1.13022,1.71017e+09
0.631481,1.13022,1.71017e+09
0.631481,1.13022,1.71017e+09
0.631481,1.13022,1.71017e+09
0.631481,1.13022,1.71017e+09
0.631481,1.13022,1.71017e+09
0.631481,1.13022,1.71017e+09
0.631481,1.13022,1.71017e+09
0.631481,1.13022,1.71017e+09
0.631481,1.13022,1.71017e+09
0.631481,1.13022,1.71017e+09
0.631481,1.13022,1.71017e+09
0.631481,1.13022,1.71017e+09
0.631481,1.13022,1.71017e+09
0.631481,1.13022,1.71017e+09
0.631481,1.13022,1.71017e+09
0.631481,1.13022,1.71017e+09
0.631481,1.13022,1.71017e+09
0.631481,1.13022,1.71017e+09
0.631481,1.13022,1.71017e+09
0.631481,1.13022,1.71017e+09
0.631481,1.13022,1.71017e+09
0.631481,1.13022,1.71017e+09
0.631481,1.13022,1.71017e+09
0.631481,1.13022,1.71017e+09
0.631481,1.13022,1.71017e+09
0.631481,1.13022,1.71017e+09
0.631481,1.13022,1.71017e+09
0.631481,1.13022,1.71017e+09
0.631481,1.13022,1.71017e+09
0.631481,1.13022,1.71017e+09
0.631481,1.13022,1.71017e+09
0.631481,1.13022,1.71017e+09
0.631481,1.13022,1.71017e+09
0.631481,1.13022,1.71017e+09
0.631481,1.13022,1.71017e+09
0.631481,1.13022,1.71017e+09
0.631481,1.13022,1.71017e+09
0.631481,1.13022,1.71017e+09
0.631481,1.13022,1.71017e+09
0.631481,1.13022,1.71017e+09
0.631481,1.13022,1.71017e+09
0.631481,1.13022,1.71017e+09
0.631481,1.13022,1.71017e+09
0.631481,1.13022,1.71017e+09
0.631481,1.13022,1.71017e+09
0.631481,1.13022,1.71017e+09
0.631481,1.13022,1.71017e+09
0.631481,1.13022,1.71017e+09
0.631481,1.13022,1.71017e+09
0.631481,1.13022,1.71017e+09
0.631481,1.13022,1.71017e+09
0.631481,1.13022,1.71017e+09
0.631481,1.13022,1.71017e+09
0.631481,1.13022,1.71017e+09
0.631481,1.13022,1.71017e+09
0.631481,1.13022,1.71017e+09
0.631481,1.13022,1.71017e+09
0.634145,1.12775,1.71017e+09
0.634145,1.12775,1.71017e+09
0.634145,1.12775,1.71017e+09
0.634145,1.12775,1.71017e+09
0.634145,1.12775,1.71017e+09
0.634145,1.12775,1.71017e+09
0.634145,1.12775,1.71017e+09
0.634145,1.12775,1.71017e+09
0.634145,1.12775,1.71017e+09
0.634145,1.12775,1.71017e+09
0.634145,1.12775,1.71017e+09
0.634145,1.12775,1.71017e+09
0.634145,1.12775,1.71017e+09
0.634145,1.12775,1.71017e+09
0.634145,1.12775,1.71017e+09
0.634145,1.12775,1.71017e+09
0.634145,1.12775,1.71017e+09
0.634145,1.12775,1.71017e+09
0.634145,1.12775,1.71017e+09
0.634145,1.12775,1.71017e+09
0.634145,1.12775,1.71017e+09
0.634145,1.12775,1.71017e+09
0.634145,1.12775,1.71017e+09
0.634145,1.12775,1.71017e+09
0.634145,1.12775,1.71017e+09
0.634145,1.12775,1.71017e+09
0.634145,1.12775,1.71017e+09
0.634145,1.12775,1.71017e+09
0.634145,1.12775,1.71017e+09
0.634145,1.12775,1.71017e+09
0.634145,1.12775,1.71017e+09
0.634145,1.12775,1.71017e+09
0.634145,1.12775,1.71017e+09
0.634145,1.12775,1.71017e+09
0.634145,1.12775,1.71017e+09
0.634145,1.12775,1.71017e+09
0.634145,1.12775,1.71017e+09
0.634145,1.12775,1.71017e+09
0.634145,1.12775,1.71017e+09
0.634145,1.12775,1.71017e+09
0.634145,1.12775,1.71017e+09
0.634145,1.12775,1.71017e+09
0.634145,1.12775,1.71017e+09
0.634145,1.12775,1.71017e+09
0.634145,1.12775,1.71017e+09
0.634145,1.12775,1.71017e+09
0.634145,1.12775,1.71017e+09
0.634145,1.12775,1.71017e+09
0.634145,1.12775,1.71017e+09
0.634145,1.12775,1.71017e+09
0.634145,1.12775,1.71017e+09
0.634145,1.12775,1.71017e+09
0.634145,1.12775,1.71017e+09
0.634145,1.12775,1.71017e+09
0.634145,1.12775,1.71017e+09
0.634145,1.12775,1.71017e+09
0.634145,1.12775,1.71017e+09
0.634145,1.12775,1.71017e+09
0.634145,1.12775,1.71017e+09
0.634145,1.12775,1.71017e+09
0.634145,1.12775,1.71017e+09
0.634145,1.12775,1.71017e+09
0.634145,1.12775,1.71017e+09
0.634145,1.12775,1.71017e+09
0.634145,1.12775,1.71017e+09
0.634145,1.12775,1.71017e+09
0.634145,1.12775,1.71017e+09
0.634145,1.12775,1.71017e+09
0.638395,1.12251,1.71017e+09
0.638395,1.12251,1.71017e+09
0.638395,1.12251,1.71017e+09
0.638395,1.12251,1.71017e+09
0.638395,1.12251,1.71017e+09
0.638395,1.12251,1.71017e+09
0.638395,1.12251,1.71017e+09
0.638395,1.12251,1.71017e+09
0.638395,1.12251,1.71017e+09
0.638395,1.12251,1.71017e+09
0.638395,1.12251,1.71017e+09
0.638395,1.12251,1.71017e+09
0.638395,1.12251,1.71017e+09
0.638395,1.12251,1.71017e+09
0.638395,1.12251,1.71017e+09
0.638395,1.12251,1.71017e+09
0.638395,1.12251,1.71017e+09
0.638395,1.12251,1.71017e+09
0.638395,1.12251,1.71017e+09
0.638395,1.12251,1.71017e+09
0.638395,1.12251,1.71017e+09
0.638395,1.12251,1.71017e+09
0.638395,1.12251,1.71017e+09
0.638395,1.12251,1.71017e+09
0.638395,1.12251,1.71017e+09
0.638395,1.12251,1.71017e+09
0.638395,1.12251,1.71017e+09
0.638395,1.12251,1.71017e+09
0.638395,1.12251,1.71017e+09
0.638395,1.12251,1.71017e+09
0.638395,1.12251,1.71017e+09
0.638395,1.12251,1.71017e+09
0.638395,1.12251,1.71017e+09
0.638395,1.12251,1.71017e+09
0.638395,1.12251,1.71017e+09
0.638395,1.12251,1.71017e+09
0.638395,1.12251,1.71017e+09
0.638395,1.12251,1.71017e+09
0.638395,1.12251,1.71017e+09
0.638395,1.12251,1.71017e+09
0.638395,1.12251,1.71017e+09
0.638395,1.12251,1.71017e+09
0.638395,1.12251,1.71017e+09
0.638395,1.12251,1.71017e+09
0.638395,1.12251,1.71017e+09
0.638395,1.12251,1.71017e+09
0.638395,1.12251,1.71017e+09
0.638395,1.12251,1.71017e+09
0.638395,1.12251,1.71017e+09
0.638395,1.12251,1.71017e+09
0.638395,1.12251,1.71017e+09
0.638395,1.12251,1.71017e+09
0.638395,1.12251,1.71017e+09
0.638395,1.12251,1.71017e+09
0.638395,1.12251,1.71017e+09
0.638395,1.12251,1.71017e+09
0.638395,1.12251,1.71017e+09
0.638395,1.12251,1.71017e+09
0.638395,1.12251,1.71017e+09
0.638395,1.12251,1.71017e+09
0.638395,1.12251,1.71017e+09
0.638395,1.12251,1.71017e+09
0.638395,1.12251,1.71017e+09
0.638395,1.12251,1.71017e+09
0.638395,1.12251,1.71017e+09
0.638395,1.12251,1.71017e+09
0.638395,1.12251,1.71017e+09
0.638395,1.12251,1.71017e+09
0.638395,1.12251,1.71017e+09
0.638395,1.12251,1.71017e+09
0.638395,1.12251,1.71017e+09
0.638395,1.12251,1.71017e+09
0.642173,1.1191,1.71017e+09
0.642173,1.1191,1.71017e+09
0.642173,1.1191,1.71017e+09
0.642173,1.1191,1.71017e+09
0.642173,1.1191,1.71017e+09
0.642173,1.1191,1.71017e+09
0.642173,1.1191,1.71017e+09
0.642173,1.1191,1.71017e+09
0.642173,1.1191,1.71017e+09
0.642173,1.1191,1.71017e+09
0.642173,1.1191,1.71017e+09
0.642173,1.1191,1.71017e+09
0.642173,1.1191,1.71017e+09
0.642173,1.1191,1.71017e+09
0.642173,1.1191,1.71017e+09
0.642173,1.1191,1.71017e+09
0.642173,1.1191,1.71017e+09
0.642173,1.1191,1.71017e+09
0.642173,1.1191,1.71017e+09
0.642173,1.1191,1.71017e+09
0.642173,1.1191,1.71017e+09
0.642173,1.1191,1.71017e+09
0.642173,1.1191,1.71017e+09
0.642173,1.1191,1.71017e+09
0.642173,1.1191,1.71017e+09
0.642173,1.1191,1.71017e+09
0.642173,1.1191,1.71017e+09
0.642173,1.1191,1.71017e+09
0.642173,1.1191,1.71017e+09
0.642173,1.1191,1.71017e+09
0.642173,1.1191,1.71017e+09
0.642173,1.1191,1.71017e+09
0.642173,1.1191,1.71017e+09
0.642173,1.1191,1.71017e+09
0.642173,1.1191,1.71017e+09
0.642173,1.1191,1.71017e+09
0.642173,1.1191,1.71017e+09
0.642173,1.1191,1.71017e+09
0.642173,1.1191,1.71017e+09
0.642173,1.1191,1.71017e+09
0.642173,1.1191,1.71017e+09
0.642173,1.1191,1.71017e+09
0.642173,1.1191,1.71017e+09
0.642173,1.1191,1.71017e+09
0.642173,1.1191,1.71017e+09
0.642173,1.1191,1.71017e+09
0.642173,1.1191,1.71017e+09
0.642173,1.1191,1.71017e+09
0.642173,1.1191,1.71017e+09
0.642173,1.1191,1.71017e+09
0.642173,1.1191,1.71017e+09
0.642173,1.1191,1.71017e+09
0.642173,1.1191,1.71017e+09
0.642173,1.1191,1.71017e+09
0.642173,1.1191,1.71017e+09
0.642173,1.1191,1.71017e+09
0.642173,1.1191,1.71017e+09
0.642173,1.1191,1.71017e+09
0.642173,1.1191,1.71017e+09
0.642173,1.1191,1.71017e+09
0.642173,1.1191,1.71017e+09
0.642173,1.1191,1.71017e+09
0.642173,1.1191,1.71017e+09
0.642173,1.1191,1.71017e+09
0.642173,1.1191,1.71017e+09
0.642173,1.1191,1.71017e+09
0.642173,1.1191,1.71017e+09
0.642173,1.1191,1.71017e+09
0.642173,1.1191,1.71017e+09
0.642173,1.1191,1.71017e+09
0.642173,1.1191,1.71017e+09
0.642173,1.1191,1.71017e+09
0.646659,1.11474,1.71017e+09
0.646659,1.11474,1.71017e+09
0.646659,1.11474,1.71017e+09
0.646659,1.11474,1.71017e+09
0.646659,1.11474,1.71017e+09
0.646659,1.11474,1.71017e+09
0.646659,1.11474,1.71017e+09
0.646659,1.11474,1.71017e+09
0.646659,1.11474,1.71017e+09
0.646659,1.11474,1.71017e+09
0.646659,1.11474,1.71017e+09
0.646659,1.11474,1.71017e+09
0.646659,1.11474,1.71017e+09
0.646659,1.11474,1.71017e+09
0.646659,1.11474,1.71017e+09
0.646659,1.11474,1.71017e+09
0.646659,1.11474,1.71017e+09
0.646659,1.11474,1.71017e+09
0.646659,1.11474,1.71017e+09
0.646659,1.11474,1.71017e+09
0.646659,1.11474,1.71017e+09
0.646659,1.11474,1.71017e+09
0.646659,1.11474,1.71017e+09
0.646659,1.11474,1.71017e+09
0.646659,1.11474,1.71017e+09
0.646659,1.11474,1.71017e+09
0.646659,1.11474,1.71017e+09
0.646659,1.11474,1.71017e+09
0.646659,1.11474,1.71017e+09
0.646659,1.11474,1.71017e+09
0.646659,1.11474,1.71017e+09
0.646659,1.11474,1.71017e+09
0.646659,1.11474,1.71017e+09
0.646659,1.11474,1.71017e+09
0.646659,1.11474,1.71017e+09
0.646659,1.11474,1.71017e+09
0.646659,1.11474,1.71017e+09
0.646659,1.11474,1.71017e+09
0.646659,1.11474,1.71017e+09
0.646659,1.11474,1.71017e+09
0.646659,1.11474,1.71017e+09
0.646659,1.11474,1.71017e+09
0.646659,1.11474,1.71017e+09
0.646659,1.11474,1.71017e+09
0.646659,1.11474,1.71017e+09
0.646659,1.11474,1.71017e+09
0.646659,1.11474,1.71017e+09
0.646659,1.11474,1.71017e+09
0.646659,1.11474,1.71017e+09
0.646659,1.11474,1.71017e+09
0.646659,1.11474,1.71017e+09
0.646659,1.11474,1.71017e+09
0.646659,1.11474,1.71017e+09
0.646659,1.11474,1.71017e+09
0.646659,1.11474,1.71017e+09
0.646659,1.11474,1.71017e+09
0.646659,1.11474,1.71017e+09
0.646659,1.11474,1.71017e+09
0.646659,1.11474,1.71017e+09
0.646659,1.11474,1.71017e+09
0.646659,1.11474,1.71017e+09
0.646659,1.11474,1.71017e+09
0.646659,1.11474,1.71017e+09
0.646659,1.11474,1.71017e+09
0.646659,1.11474,1.71017e+09
0.646659,1.11474,1.71017e+09
0.646659,1.11474,1.71017e+09
0.646659,1.11474,1.71017e+09
0.646659,1.11474,1.71017e+09
0.646659,1.11474,1.71017e+09
0.646659,1.11474,1.71017e+09
0.646659,1.11474,1.71017e+09
0.650998,1.11077,1.71017e+09
0.650998,1.11077,1.71017e+09
0.650998,1.11077,1.71017e+09
0.650998,1.11077,1.71017e+09
0.650998,1.11077,1.71017e+09
0.650998,1.11077,1.71017e+09
0.650998,1.11077,1.71017e+09
0.650998,1.11077,1.71017e+09
0.650998,1.11077,1.71017e+09
0.650998,1.11077,1.71017e+09
0.650998,1.11077,1.71017e+09
0.650998,1.11077,1.71017e+09
0.650998,1.11077,1.71017e+09
0.650998,1.11077,1.71017e+09
0.650998,1.11077,1.71017e+09
0.650998,1.11077,1.71017e+09
0.650998,1.11077,1.71017e+09
0.650998,1.11077,1.71017e+09
0.650998,1.11077,1.71017e+09
0.650998,1.11077,1.71017e+09
0.650998,1.11077,1.71017e+09
0.650998,1.11077,1.71017e+09
0.650998,1.11077,1.71017e+09
0.650998,1.11077,1.71017e+09
0.650998,1.11077,1.71017e+09
0.650998,1.11077,1.71017e+09
0.650998,1.11077,1.71017e+09
0.650998,1.11077,1.71017e+09
0.650998,1.11077,1.71017e+09
0.650998,1.11077,1.71017e+09
0.650998,1.11077,1.71017e+09
0.650998,1.11077,1.71017e+09
0.650998,1.11077,1.71017e+09
0.650998,1.11077,1.71017e+09
0.650998,1.11077,1.71017e+09
0.650998,1.11077,1.71017e+09
0.650998,1.11077,1.71017e+09
0.650998,1.11077,1.71017e+09
0.650998,1.11077,1.71017e+09
0.650998,1.11077,1.71017e+09
0.650998,1.11077,1.71017e+09
0.650998,1.11077,1.71017e+09
0.650998,1.11077,1.71017e+09
0.650998,1.11077,1.71017e+09
0.650998,1.11077,1.71017e+09
0.650998,1.11077,1.71017e+09
0.650998,1.11077,1.71017e+09
0.650998,1.11077,1.71017e+09
0.650998,1.11077,1.71017e+09
0.650998,1.11077,1.71017e+09
0.650998,1.11077,1.71017e+09
0.650998,1.11077,1.71017e+09
0.650998,1.11077,1.71017e+09
0.650998,1.11077,1.71017e+09
0.650998,1.11077,1.71017e+09
0.650998,1.11077,1.71017e+09
0.650998,1.11077,1.71017e+09
0.650998,1.11077,1.71017e+09
0.650998,1.11077,1.71017e+09
0.650998,1.11077,1.71017e+09
0.650998,1.11077,1.71017e+09
0.650998,1.11077,1.71017e+09
0.650998,1.11077,1.71017e+09
0.650998,1.11077,1.71017e+09
0.650998,1.11077,1.71017e+09
0.650998,1.11077,1.71017e+09
0.650998,1.11077,1.71017e+09
0.650998,1.11077,1.71017e+09
0.650998,1.11077,1.71017e+09
0.650998,1.11077,1.71017e+09
0.650998,1.11077,1.71017e+09
0.650998,1.11077,1.71017e+09
0.650998,1.11077,1.71017e+09
0.65508,1.10727,1.71017e+09
0.65508,1.10727,1.71017e+09
0.65508,1.10727,1.71017e+09
0.65508,1.10727,1.71017e+09
0.65508,1.10727,1.71017e+09
0.65508,1.10727,1.71017e+09
0.65508,1.10727,1.71017e+09
0.65508,1.10727,1.71017e+09
0.65508,1.10727,1.71017e+09
0.65508,1.10727,1.71017e+09
0.65508,1.10727,1.71017e+09
0.65508,1.10727,1.71017e+09
0.65508,1.10727,1.71017e+09
0.65508,1.10727,1.71017e+09
0.65508,1.10727,1.71017e+09
0.65508,1.10727,1.71017e+09
0.65508,1.10727,1.71017e+09
0.65508,1.10727,1.71017e+09
0.65508,1.10727,1.71017e+09
0.65508,1.10727,1.71017e+09
0.65508,1.10727,1.71017e+09
0.65508,1.10727,1.71017e+09
0.65508,1.10727,1.71017e+09
0.65508,1.10727,1.71017e+09
0.65508,1.10727,1.71017e+09
0.65508,1.10727,1.71017e+09
0.65508,1.10727,1.71017e+09
0.65508,1.10727,1.71017e+09
0.65508,1.10727,1.71017e+09
0.65508,1.10727,1.71017e+09
0.65508,1.10727,1.71017e+09
0.65508,1.10727,1.71017e+09
0.65508,1.10727,1.71017e+09
0.65508,1.10727,1.71017e+09
0.65508,1.10727,1.71017e+09
0.65508,1.10727,1.71017e+09
0.65508,1.10727,1.71017e+09
0.65508,1.10727,1.71017e+09
0.65508,1.10727,1.71017e+09
0.65508,1.10727,1.71017e+09
0.65508,1.10727,1.71017e+09
0.65508,1.10727,1.71017e+09
0.65508,1.10727,1.71017e+09
0.65508,1.10727,1.71017e+09
0.65508,1.10727,1.71017e+09
0.65508,1.10727,1.71017e+09
0.65508,1.10727,1.71017e+09
0.65508,1.10727,1.71017e+09
0.65508,1.10727,1.71017e+09
0.65508,1.10727,1.71017e+09
0.65508,1.10727,1.71017e+09
0.65508,1.10727,1.71017e+09
0.65508,1.10727,1.71017e+09
0.65508,1.10727,1.71017e+09
0.65508,1.10727,1.71017e+09
0.65508,1.10727,1.71017e+09
0.65508,1.10727,1.71017e+09
0.65508,1.10727,1.71017e+09
0.65508,1.10727,1.71017e+09
0.65508,1.10727,1.71017e+09
0.65508,1.10727,1.71017e+09
0.65508,1.10727,1.71017e+09
0.65508,1.10727,1.71017e+09
0.65508,1.10727,1.71017e+09
0.65508,1.10727,1.71017e+09
0.65508,1.10727,1.71017e+09
0.65508,1.10727,1.71017e+09
0.65508,1.10727,1.71017e+09
0.65508,1.10727,1.71017e+09
0.65508,1.10727,1.71017e+09
0.65508,1.10727,1.71017e+09
0.65508,1.10727,1.71017e+09
0.65508,1.10727,1.71017e+09
0.657711,1.10463,1.71017e+09
0.657711,1.10463,1.71017e+09
0.657711,1.10463,1.71017e+09
0.657711,1.10463,1.71017e+09
0.657711,1.10463,1.71017e+09
0.657711,1.10463,1.71017e+09
0.657711,1.10463,1.71017e+09
0.657711,1.10463,1.71017e+09
0.657711,1.10463,1.71017e+09
0.657711,1.10463,1.71017e+09
0.657711,1.10463,1.71017e+09
0.657711,1.10463,1.71017e+09
0.657711,1.10463,1.71017e+09
0.657711,1.10463,1.71017e+09
0.657711,1.10463,1.71017e+09
0.657711,1.10463,1.71017e+09
0.657711,1.10463,1.71017e+09
0.657711,1.10463,1.71017e+09
0.657711,1.10463,1.71017e+09
0.657711,1.10463,1.71017e+09
0.657711,1.10463,1.71017e+09
0.657711,1.10463,1.71017e+09
0.657711,1.10463,1.71017e+09
0.657711,1.10463,1.71017e+09
0.657711,1.10463,1.71017e+09
0.657711,1.10463,1.71017e+09
0.657711,1.10463,1.71017e+09
0.657711,1.10463,1.71017e+09
0.657711,1.10463,1.71017e+09
0.657711,1.10463,1.71017e+09
0.657711,1.10463,1.71017e+09
0.657711,1.10463,1.71017e+09
0.657711,1.10463,1.71017e+09
0.657711,1.10463,1.71017e+09
0.657711,1.10463,1.71017e+09
0.657711,1.10463,1.71017e+09
0.657711,1.10463,1.71017e+09
0.657711,1.10463,1.71017e+09
0.657711,1.10463,1.71017e+09
0.657711,1.10463,1.71017e+09
0.657711,1.10463,1.71017e+09
0.657711,1.10463,1.71017e+09
0.657711,1.10463,1.71017e+09
0.657711,1.10463,1.71017e+09
0.657711,1.10463,1.71017e+09
0.657711,1.10463,1.71017e+09
0.657711,1.10463,1.71017e+09
0.657711,1.10463,1.71017e+09
0.657711,1.10463,1.71017e+09
0.657711,1.10463,1.71017e+09
0.657711,1.10463,1.71017e+09
0.657711,1.10463,1.71017e+09
0.657711,1.10463,1.71017e+09
0.657711,1.10463,1.71017e+09
0.657711,1.10463,1.71017e+09
0.657711,1.10463,1.71017e+09
0.657711,1.10463,1.71017e+09
0.657711,1.10463,1.71017e+09
0.657711,1.10463,1.71017e+09
0.657711,1.10463,1.71017e+09
0.657711,1.10463,1.71017e+09
0.657711,1.10463,1.71017e+09
0.657711,1.10463,1.71017e+09
0.657711,1.10463,1.71017e+09
0.657711,1.10463,1.71017e+09
0.657711,1.10463,1.71017e+09
0.657711,1.10463,1.71017e+09
0.657711,1.10463,1.71017e+09
0.657711,1.10463,1.71017e+09
0.657711,1.10463,1.71017e+09
0.657711,1.10463,1.71017e+09
0.657711,1.10463,1.71017e+09
0.657711,1.10463,1.71017e+09
0.657711,1.10463,1.71017e+09
0.657711,1.10463,1.71017e+09
0.657711,1.10463,1.71017e+09
0.657711,1.10463,1.71017e+09
0.657711,1.10463,1.71017e+09
0.657711,1.10463,1.71017e+09
0.657711,1.10463,1.71017e+09
0.657711,1.10463,1.71017e+09
0.657711,1.10463,1.71017e+09
0.6591,1.10239,1.71017e+09
0.6591,1.10239,1.71017e+09
0.6591,1.10239,1.71017e+09
0.6591,1.10239,1.71017e+09
0.6591,1.10239,1.71017e+09
0.6591,1.10239,1.71017e+09
0.6591,1.10239,1.71017e+09
0.6591,1.10239,1.71017e+09
0.6591,1.10239,1.71017e+09
0.6591,1.10239,1.71017e+09
0.6591,1.10239,1.71017e+09
0.6591,1.10239,1.71017e+09
0.6591,1.10239,1.71017e+09
0.6591,1.10239,1.71017e+09
0.6591,1.10239,1.71017e+09
0.6591,1.10239,1.71017e+09
0.6591,1.10239,1.71017e+09
0.6591,1.10239,1.71017e+09
0.6591,1.10239,1.71017e+09
0.6591,1.10239,1.71017e+09
0.6591,1.10239,1.71017e+09
0.6591,1.10239,1.71017e+09
0.6591,1.10239,1.71017e+09
0.6591,1.10239,1.71017e+09
0.6591,1.10239,1.71017e+09
0.6591,1.10239,1.71017e+09
0.6591,1.10239,1.71017e+09
0.6591,1.10239,1.71017e+09
0.6591,1.10239,1.71017e+09
0.6591,1.10239,1.71017e+09
0.6591,1.10239,1.71017e+09
0.6591,1.10239,1.71017e+09
0.6591,1.10239,1.71017e+09
0.6591,1.10239,1.71017e+09
0.6591,1.10239,1.71017e+09
0.6591,1.10239,1.71017e+09
0.6591,1.10239,1.71017e+09
0.6591,1.10239,1.71017e+09
0.6591,1.10239,1.71017e+09
0.6591,1.10239,1.71017e+09
0.6591,1.10239,1.71017e+09
0.6591,1.10239,1.71017e+09
0.6591,1.10239,1.71017e+09
0.6591,1.10239,1.71017e+09
0.6591,1.10239,1.71017e+09
0.6591,1.10239,1.71017e+09
0.6591,1.10239,1.71017e+09
0.6591,1.10239,1.71017e+09
0.6591,1.10239,1.71017e+09
0.6591,1.10239,1.71017e+09
0.6591,1.10239,1.71017e+09
0.6591,1.10239,1.71017e+09
0.6591,1.10239,1.71017e+09
0.6591,1.10239,1.71017e+09
0.6591,1.10239,1.71017e+09
0.6591,1.10239,1.71017e+09
0.6591,1.10239,1.71017e+09
0.6591,1.10239,1.71017e+09
0.6591,1.10239,1.71017e+09
0.6591,1.10239,1.71017e+09
0.6591,1.10239,1.71017e+09
0.6591,1.10239,1.71017e+09
0.6591,1.10239,1.71017e+09
0.6591,1.10239,1.71017e+09
0.6591,1.10239,1.71017e+09
0.6591,1.10239,1.71017e+09
0.6591,1.10239,1.71017e+09
0.6591,1.10239,1.71017e+09
0.6591,1.10239,1.71017e+09
0.6591,1.10239,1.71017e+09
0.6591,1.10239,1.71017e+09
0.662604,1.10372,1.71017e+09
0.662604,1.10372,1.71017e+09
0.662604,1.10372,1.71017e+09
0.662604,1.10372,1.71017e+09
0.662604,1.10372,1.71017e+09
0.662604,1.10372,1.71017e+09
0.662604,1.10372,1.71017e+09
0.662604,1.10372,1.71017e+09
0.662604,1.10372,1.71017e+09
0.662604,1.10372,1.71017e+09
0.662604,1.10372,1.71017e+09
0.662604,1.10372,1.71017e+09
0.662604,1.10372,1.71017e+09
0.662604,1.10372,1.71017e+09
0.662604,1.10372,1.71017e+09
0.662604,1.10372,1.71017e+09
0.662604,1.10372,1.71017e+09
0.662604,1.10372,1.71017e+09
0.662604,1.10372,1.71017e+09
0.662604,1.10372,1.71017e+09
0.662604,1.10372,1.71017e+09
0.662604,1.10372,1.71017e+09
0.662604,1.10372,1.71017e+09
0.662604,1.10372,1.71017e+09
0.662604,1.10372,1.71017e+09
0.662604,1.10372,1.71017e+09
0.662604,1.10372,1.71017e+09
0.662604,1.10372,1.71017e+09
0.662604,1.10372,1.71017e+09
0.662604,1.10372,1.71017e+09
0.662604,1.10372,1.71017e+09
0.662604,1.10372,1.71017e+09
0.662604,1.10372,1.71017e+09
0.662604,1.10372,1.71017e+09
0.662604,1.10372,1.71017e+09
0.662604,1.10372,1.71017e+09
0.662604,1.10372,1.71017e+09
0.662604,1.10372,1.71017e+09
0.662604,1.10372,1.71017e+09
0.662604,1.10372,1.71017e+09
0.662604,1.10372,1.71017e+09
0.662604,1.10372,1.71017e+09
0.662604,1.10372,1.71017e+09
0.662604,1.10372,1.71017e+09
0.662604,1.10372,1.71017e+09
0.662604,1.10372,1.71017e+09
0.662604,1.10372,1.71017e+09
0.662604,1.10372,1.71017e+09
0.662604,1.10372,1.71017e+09
0.662604,1.10372,1.71017e+09
0.662604,1.10372,1.71017e+09
0.662604,1.10372,1.71017e+09
0.662604,1.10372,1.71017e+09
0.662604,1.10372,1.71017e+09
0.662604,1.10372,1.71017e+09
0.662604,1.10372,1.71017e+09
0.662604,1.10372,1.71017e+09
0.662604,1.10372,1.71017e+09
0.662604,1.10372,1.71017e+09
0.662604,1.10372,1.71017e+09
0.662604,1.10372,1.71017e+09
0.662604,1.10372,1.71017e+09
0.662604,1.10372,1.71017e+09
0.662604,1.10372,1.71017e+09
0.662604,1.10372,1.71017e+09
0.662604,1.10372,1.71017e+09
0.662604,1.10372,1.71017e+09
0.662604,1.10372,1.71017e+09
0.662604,1.10372,1.71017e+09
0.662604,1.10372,1.71017e+09
0.662604,1.10372,1.71017e+09
0.662604,1.10372,1.71017e+09
0.667501,1.10707,1.71017e+09
0.667501,1.10707,1.71017e+09
0.667501,1.10707,1.71017e+09
0.667501,1.10707,1.71017e+09
0.667501,1.10707,1.71017e+09
0.667501,1.10707,1.71017e+09
0.667501,1.10707,1.71017e+09
0.667501,1.10707,1.71017e+09
0.667501,1.10707,1.71017e+09
0.667501,1.10707,1.71017e+09
0.667501,1.10707,1.71017e+09
0.667501,1.10707,1.71017e+09
0.667501,1.10707,1.71017e+09
0.667501,1.10707,1.71017e+09
0.667501,1.10707,1.71017e+09
0.667501,1.10707,1.71017e+09
0.667501,1.10707,1.71017e+09
0.667501,1.10707,1.71017e+09
0.667501,1.10707,1.71017e+09
0.667501,1.10707,1.71017e+09
0.667501,1.10707,1.71017e+09
0.667501,1.10707,1.71017e+09
0.667501,1.10707,1.71017e+09
0.667501,1.10707,1.71017e+09
0.667501,1.10707,1.71017e+09
0.667501,1.10707,1.71017e+09
0.667501,1.10707,1.71017e+09
0.667501,1.10707,1.71017e+09
0.667501,1.10707,1.71017e+09
0.667501,1.10707,1.71017e+09
0.667501,1.10707,1.71017e+09
0.667501,1.10707,1.71017e+09
0.667501,1.10707,1.71017e+09
0.667501,1.10707,1.71017e+09
0.667501,1.10707,1.71017e+09
0.667501,1.10707,1.71017e+09
0.667501,1.10707,1.71017e+09
0.667501,1.10707,1.71017e+09
0.667501,1.10707,1.71017e+09
0.667501,1.10707,1.71017e+09
0.667501,1.10707,1.71017e+09
0.667501,1.10707,1.71017e+09
0.667501,1.10707,1.71017e+09
0.667501,1.10707,1.71017e+09
0.667501,1.10707,1.71017e+09
0.667501,1.10707,1.71017e+09
0.667501,1.10707,1.71017e+09
0.667501,1.10707,1.71017e+09
0.667501,1.10707,1.71017e+09
0.667501,1.10707,1.71017e+09
0.667501,1.10707,1.71017e+09
0.667501,1.10707,1.71017e+09
0.667501,1.10707,1.71017e+09
0.667501,1.10707,1.71017e+09
0.667501,1.10707,1.71017e+09
0.667501,1.10707,1.71017e+09
0.667501,1.10707,1.71017e+09
0.667501,1.10707,1.71017e+09
0.667501,1.10707,1.71017e+09
0.667501,1.10707,1.71017e+09
0.667501,1.10707,1.71017e+09
0.667501,1.10707,1.71017e+09
0.667501,1.10707,1.71017e+09
0.667501,1.10707,1.71017e+09
0.667501,1.10707,1.71017e+09
0.667501,1.10707,1.71017e+09
0.667501,1.10707,1.71017e+09
0.667501,1.10707,1.71017e+09
0.667501,1.10707,1.71017e+09
0.667501,1.10707,1.71017e+09
0.667501,1.10707,1.71017e+09
0.667501,1.10707,1.71017e+09
0.667501,1.10707,1.71017e+09
0.667501,1.10707,1.71017e+09
0.667501,1.10707,1.71017e+09
0.667501,1.10707,1.71017e+09
0.671707,1.10943,1.71017e+09
0.671707,1.10943,1.71017e+09
0.671707,1.10943,1.71017e+09
0.671707,1.10943,1.71017e+09
0.671707,1.10943,1.71017e+09
0.671707,1.10943,1.71017e+09
0.671707,1.10943,1.71017e+09
0.671707,1.10943,1.71017e+09
0.671707,1.10943,1.71017e+09
0.671707,1.10943,1.71017e+09
0.671707,1.10943,1.71017e+09
0.671707,1.10943,1.71017e+09
0.671707,1.10943,1.71017e+09
0.671707,1.10943,1.71017e+09
0.671707,1.10943,1.71017e+09
0.671707,1.10943,1.71017e+09
0.671707,1.10943,1.71017e+09
0.671707,1.10943,1.71017e+09
0.671707,1.10943,1.71017e+09
0.671707,1.10943,1.71017e+09
0.671707,1.10943,1.71017e+09
0.671707,1.10943,1.71017e+09
0.671707,1.10943,1.71017e+09
0.671707,1.10943,1.71017e+09
0.671707,1.10943,1.71017e+09
0.671707,1.10943,1.71017e+09
0.671707,1.10943,1.71017e+09
0.671707,1.10943,1.71017e+09
0.671707,1.10943,1.71017e+09
0.671707,1.10943,1.71017e+09
0.671707,1.10943,1.71017e+09
0.671707,1.10943,1.71017e+09
0.671707,1.10943,1.71017e+09
0.671707,1.10943,1.71017e+09
0.671707,1.10943,1.71017e+09
0.671707,1.10943,1.71017e+09
0.671707,1.10943,1.71017e+09
0.671707,1.10943,1.71017e+09
0.671707,1.10943,1.71017e+09
0.671707,1.10943,1.71017e+09
0.671707,1.10943,1.71017e+09
0.671707,1.10943,1.71017e+09
0.671707,1.10943,1.71017e+09
0.671707,1.10943,1.71017e+09
0.671707,1.10943,1.71017e+09
0.671707,1.10943,1.71017e+09
0.671707,1.10943,1.71017e+09
0.671707,1.10943,1.71017e+09
0.671707,1.10943,1.71017e+09
0.671707,1.10943,1.71017e+09
0.671707,1.10943,1.71017e+09
0.671707,1.10943,1.71017e+09
0.671707,1.10943,1.71017e+09
0.671707,1.10943,1.71017e+09
0.671707,1.10943,1.71017e+09
0.671707,1.10943,1.71017e+09
0.671707,1.10943,1.71017e+09
0.671707,1.10943,1.71017e+09
0.671707,1.10943,1.71017e+09
0.671707,1.10943,1.71017e+09
0.671707,1.10943,1.71017e+09
0.671707,1.10943,1.71017e+09
0.671707,1.10943,1.71017e+09
0.671707,1.10943,1.71017e+09
0.671707,1.10943,1.71017e+09
0.671707,1.10943,1.71017e+09
0.671707,1.10943,1.71017e+09
0.671707,1.10943,1.71017e+09
0.671707,1.10943,1.71017e+09
0.671707,1.10943,1.71017e+09
0.671707,1.10943,1.71017e+09
0.671707,1.10943,1.71017e+09
0.671707,1.10943,1.71017e+09
0.671707,1.10943,1.71017e+09
0.671707,1.10943,1.71017e+09
0.671707,1.10943,1.71017e+09
0.671707,1.10943,1.71017e+09
0.671707,1.10943,1.71017e+09
0.677356,1.11299,1.71017e+09
0.677356,1.11299,1.71017e+09
0.677356,1.11299,1.71017e+09
0.677356,1.11299,1.71017e+09
0.677356,1.11299,1.71017e+09
0.677356,1.11299,1.71017e+09
0.677356,1.11299,1.71017e+09
0.677356,1.11299,1.71017e+09
0.677356,1.11299,1.71017e+09
0.677356,1.11299,1.71017e+09
0.677356,1.11299,1.71017e+09
0.677356,1.11299,1.71017e+09
0.677356,1.11299,1.71017e+09
0.677356,1.11299,1.71017e+09
0.677356,1.11299,1.71017e+09
0.677356,1.11299,1.71017e+09
0.677356,1.11299,1.71017e+09
0.677356,1.11299,1.71017e+09
0.677356,1.11299,1.71017e+09
0.677356,1.11299,1.71017e+09
0.677356,1.11299,1.71017e+09
0.677356,1.11299,1.71017e+09
0.677356,1.11299,1.71017e+09
0.677356,1.11299,1.71017e+09
0.677356,1.11299,1.71017e+09
0.677356,1.11299,1.71017e+09
0.677356,1.11299,1.71017e+09
0.677356,1.11299,1.71017e+09
0.677356,1.11299,1.71017e+09
0.677356,1.11299,1.71017e+09
0.677356,1.11299,1.71017e+09
0.677356,1.11299,1.71017e+09
0.677356,1.11299,1.71017e+09
0.677356,1.11299,1.71017e+09
0.677356,1.11299,1.71017e+09
0.677356,1.11299,1.71017e+09
0.677356,1.11299,1.71017e+09
0.677356,1.11299,1.71017e+09
0.677356,1.11299,1.71017e+09
0.677356,1.11299,1.71017e+09
0.677356,1.11299,1.71017e+09
0.677356,1.11299,1.71017e+09
0.677356,1.11299,1.71017e+09
0.677356,1.11299,1.71017e+09
0.677356,1.11299,1.71017e+09
0.677356,1.11299,1.71017e+09
0.677356,1.11299,1.71017e+09
0.677356,1.11299,1.71017e+09
0.677356,1.11299,1.71017e+09
0.677356,1.11299,1.71017e+09
0.677356,1.11299,1.71017e+09
0.677356,1.11299,1.71017e+09
0.677356,1.11299,1.71017e+09
0.677356,1.11299,1.71017e+09
0.677356,1.11299,1.71017e+09
0.677356,1.11299,1.71017e+09
0.677356,1.11299,1.71017e+09
0.677356,1.11299,1.71017e+09
0.677356,1.11299,1.71017e+09
0.677356,1.11299,1.71017e+09
0.677356,1.11299,1.71017e+09
0.677356,1.11299,1.71017e+09
0.677356,1.11299,1.71017e+09
0.677356,1.11299,1.71017e+09
0.677356,1.11299,1.71017e+09
0.677356,1.11299,1.71017e+09
0.677356,1.11299,1.71017e+09
0.677356,1.11299,1.71017e+09
0.677356,1.11299,1.71017e+09
0.677356,1.11299,1.71017e+09
0.677356,1.11299,1.71017e+09
0.677356,1.11299,1.71017e+09
0.677356,1.11299,1.71017e+09
0.677356,1.11299,1.71017e+09
0.677356,1.11299,1.71017e+09
0.682606,1.11479,1.71017e+09
0.682606,1.11479,1.71017e+09
0.682606,1.11479,1.71017e+09
0.682606,1.11479,1.71017e+09
0.682606,1.11479,1.71017e+09
0.682606,1.11479,1.71017e+09
0.682606,1.11479,1.71017e+09
0.682606,1.11479,1.71017e+09
0.682606,1.11479,1.71017e+09
0.682606,1.11479,1.71017e+09
0.682606,1.11479,1.71017e+09
0.682606,1.11479,1.71017e+09
0.682606,1.11479,1.71017e+09
0.682606,1.11479,1.71017e+09
0.682606,1.11479,1.71017e+09
0.682606,1.11479,1.71017e+09
0.682606,1.11479,1.71017e+09
0.682606,1.11479,1.71017e+09
0.682606,1.11479,1.71017e+09
0.682606,1.11479,1.71017e+09
0.682606,1.11479,1.71017e+09
0.682606,1.11479,1.71017e+09
0.682606,1.11479,1.71017e+09
0.682606,1.11479,1.71017e+09
0.682606,1.11479,1.71017e+09
0.682606,1.11479,1.71017e+09
0.682606,1.11479,1.71017e+09
0.682606,1.11479,1.71017e+09
0.682606,1.11479,1.71017e+09
0.682606,1.11479,1.71017e+09
0.682606,1.11479,1.71017e+09
0.682606,1.11479,1.71017e+09
0.682606,1.11479,1.71017e+09
0.682606,1.11479,1.71017e+09
0.682606,1.11479,1.71017e+09
0.682606,1.11479,1.71017e+09
0.682606,1.11479,1.71017e+09
0.682606,1.11479,1.71017e+09
0.682606,1.11479,1.71017e+09
0.682606,1.11479,1.71017e+09
0.682606,1.11479,1.71017e+09
0.682606,1.11479,1.71017e+09
0.682606,1.11479,1.71017e+09
0.682606,1.11479,1.71017e+09
0.682606,1.11479,1.71017e+09
0.682606,1.11479,1.71017e+09
0.682606,1.11479,1.71017e+09
0.682606,1.11479,1.71017e+09
0.682606,1.11479,1.71017e+09
0.682606,1.11479,1.71017e+09
0.682606,1.11479,1.71017e+09
0.682606,1.11479,1.71017e+09
0.682606,1.11479,1.71017e+09
0.682606,1.11479,1.71017e+09
0.682606,1.11479,1.71017e+09
0.682606,1.11479,1.71017e+09
0.682606,1.11479,1.71017e+09
0.682606,1.11479,1.71017e+09
0.682606,1.11479,1.71017e+09
0.682606,1.11479,1.71017e+09
0.682606,1.11479,1.71017e+09
0.682606,1.11479,1.71017e+09
0.682606,1.11479,1.71017e+09
0.682606,1.11479,1.71017e+09
0.682606,1.11479,1.71017e+09
0.682606,1.11479,1.71017e+09
0.682606,1.11479,1.71017e+09
0.682606,1.11479,1.71017e+09
0.682606,1.11479,1.71017e+09
0.682606,1.11479,1.71017e+09
0.682606,1.11479,1.71017e+09
0.682606,1.11479,1.71017e+09
0.682606,1.11479,1.71017e+09
0.682606,1.11479,1.71017e+09
0.682606,1.11479,1.71017e+09
0.687508,1.11413,1.71017e+09
0.687508,1.11413,1.71017e+09
0.687508,1.11413,1.71017e+09
0.687508,1.11413,1.71017e+09
0.687508,1.11413,1.71017e+09
0.687508,1.11413,1.71017e+09
0.687508,1.11413,1.71017e+09
0.687508,1.11413,1.71017e+09
0.687508,1.11413,1.71017e+09
0.687508,1.11413,1.71017e+09
0.687508,1.11413,1.71017e+09
0.687508,1.11413,1.71017e+09
0.687508,1.11413,1.71017e+09
0.687508,1.11413,1.71017e+09
0.687508,1.11413,1.71017e+09
0.687508,1.11413,1.71017e+09
0.687508,1.11413,1.71017e+09
0.687508,1.11413,1.71017e+09
0.687508,1.11413,1.71017e+09
0.687508,1.11413,1.71017e+09
0.687508,1.11413,1.71017e+09
0.687508,1.11413,1.71017e+09
0.687508,1.11413,1.71017e+09
0.687508,1.11413,1.71017e+09
0.687508,1.11413,1.71017e+09
0.687508,1.11413,1.71017e+09
0.687508,1.11413,1.71017e+09
0.687508,1.11413,1.71017e+09
0.687508,1.11413,1.71017e+09
0.687508,1.11413,1.71017e+09
0.687508,1.11413,1.71017e+09
0.687508,1.11413,1.71017e+09
0.687508,1.11413,1.71017e+09
0.687508,1.11413,1.71017e+09
0.687508,1.11413,1.71017e+09
0.687508,1.11413,1.71017e+09
0.687508,1.11413,1.71017e+09
0.687508,1.11413,1.71017e+09
0.687508,1.11413,1.71017e+09
0.687508,1.11413,1.71017e+09
0.687508,1.11413,1.71017e+09
0.687508,1.11413,1.71017e+09
0.687508,1.11413,1.71017e+09
0.687508,1.11413,1.71017e+09
0.687508,1.11413,1.71017e+09
0.687508,1.11413,1.71017e+09
0.687508,1.11413,1.71017e+09
0.687508,1.11413,1.71017e+09
0.687508,1.11413,1.71017e+09
0.687508,1.11413,1.71017e+09
0.687508,1.11413,1.71017e+09
0.687508,1.11413,1.71017e+09
0.687508,1.11413,1.71017e+09
0.687508,1.11413,1.71017e+09
0.687508,1.11413,1.71017e+09
0.687508,1.11413,1.71017e+09
0.687508,1.11413,1.71017e+09
0.687508,1.11413,1.71017e+09
0.687508,1.11413,1.71017e+09
0.687508,1.11413,1.71017e+09
0.687508,1.11413,1.71017e+09
0.687508,1.11413,1.71017e+09
0.687508,1.11413,1.71017e+09
0.687508,1.11413,1.71017e+09
0.687508,1.11413,1.71017e+09
0.687508,1.11413,1.71017e+09
0.687508,1.11413,1.71017e+09
0.687508,1.11413,1.71017e+09
0.687508,1.11413,1.71017e+09
0.687508,1.11413,1.71017e+09
0.687508,1.11413,1.71017e+09
0.687508,1.11413,1.71017e+09
0.687508,1.11413,1.71017e+09
0.687508,1.11413,1.71017e+09
0.687508,1.11413,1.71017e+09
0.687508,1.11413,1.71017e+09
0.687508,1.11413,1.71017e+09
0.691492,1.1125,1.71017e+09
0.691492,1.1125,1.71017e+09
0.691492,1.1125,1.71017e+09
0.691492,1.1125,1.71017e+09
0.691492,1.1125,1.71017e+09
0.691492,1.1125,1.71017e+09
0.691492,1.1125,1.71017e+09
0.691492,1.1125,1.71017e+09
0.691492,1.1125,1.71017e+09
0.691492,1.1125,1.71017e+09
0.691492,1.1125,1.71017e+09
0.691492,1.1125,1.71017e+09
0.691492,1.1125,1.71017e+09
0.691492,1.1125,1.71017e+09
0.691492,1.1125,1.71017e+09
0.691492,1.1125,1.71017e+09
0.691492,1.1125,1.71017e+09
0.691492,1.1125,1.71017e+09
0.691492,1.1125,1.71017e+09
0.691492,1.1125,1.71017e+09
0.691492,1.1125,1.71017e+09
0.691492,1.1125,1.71017e+09
0.691492,1.1125,1.71017e+09
0.691492,1.1125,1.71017e+09
0.691492,1.1125,1.71017e+09
0.691492,1.1125,1.71017e+09
0.691492,1.1125,1.71017e+09
0.691492,1.1125,1.71017e+09
0.691492,1.1125,1.71017e+09
0.691492,1.1125,1.71017e+09
0.691492,1.1125,1.71017e+09
0.691492,1.1125,1.71017e+09
0.691492,1.1125,1.71017e+09
0.691492,1.1125,1.71017e+09
0.691492,1.1125,1.71017e+09
0.691492,1.1125,1.71017e+09
0.691492,1.1125,1.71017e+09
0.691492,1.1125,1.71017e+09
0.691492,1.1125,1.71017e+09
0.691492,1.1125,1.71017e+09
0.691492,1.1125,1.71017e+09
0.691492,1.1125,1.71017e+09
0.691492,1.1125,1.71017e+09
0.691492,1.1125,1.71017e+09
0.691492,1.1125,1.71017e+09
0.691492,1.1125,1.71017e+09
0.691492,1.1125,1.71017e+09
0.691492,1.1125,1.71017e+09
0.691492,1.1125,1.71017e+09
0.691492,1.1125,1.71017e+09
0.691492,1.1125,1.71017e+09
0.691492,1.1125,1.71017e+09
0.691492,1.1125,1.71017e+09
0.691492,1.1125,1.71017e+09
0.691492,1.1125,1.71017e+09
0.691492,1.1125,1.71017e+09
0.691492,1.1125,1.71017e+09
0.691492,1.1125,1.71017e+09
0.691492,1.1125,1.71017e+09
0.691492,1.1125,1.71017e+09
0.691492,1.1125,1.71017e+09
0.691492,1.1125,1.71017e+09
0.691492,1.1125,1.71017e+09
0.691492,1.1125,1.71017e+09
0.691492,1.1125,1.71017e+09
0.691492,1.1125,1.71017e+09
0.691492,1.1125,1.71017e+09
0.691492,1.1125,1.71017e+09
0.691492,1.1125,1.71017e+09
0.691492,1.1125,1.71017e+09
0.691492,1.1125,1.71017e+09
0.691492,1.1125,1.71017e+09
0.691492,1.1125,1.71017e+09
0.691492,1.1125,1.71017e+09
0.691492,1.1125,1.71017e+09
0.695754,1.10822,1.71017e+09
0.695754,1.10822,1.71017e+09
0.695754,1.10822,1.71017e+09
0.695754,1.10822,1.71017e+09
0.695754,1.10822,1.71017e+09
0.695754,1.10822,1.71017e+09
0.695754,1.10822,1.71017e+09
0.695754,1.10822,1.71017e+09
0.695754,1.10822,1.71017e+09
0.695754,1.10822,1.71017e+09
0.695754,1.10822,1.71017e+09
0.695754,1.10822,1.71017e+09
0.695754,1.10822,1.71017e+09
0.695754,1.10822,1.71017e+09
0.695754,1.10822,1.71017e+09
0.695754,1.10822,1.71017e+09
0.695754,1.10822,1.71017e+09
0.695754,1.10822,1.71017e+09
0.695754,1.10822,1.71017e+09
0.695754,1.10822,1.71017e+09
0.695754,1.10822,1.71017e+09
0.695754,1.10822,1.71017e+09
0.695754,1.10822,1.71017e+09
0.695754,1.10822,1.71017e+09
0.695754,1.10822,1.71017e+09
0.695754,1.10822,1.71017e+09
0.695754,1.10822,1.71017e+09
0.695754,1.10822,1.71017e+09
0.695754,1.10822,1.71017e+09
0.695754,1.10822,1.71017e+09
0.695754,1.10822,1.71017e+09
0.695754,1.10822,1.71017e+09
0.695754,1.10822,1.71017e+09
0.695754,1.10822,1.71017e+09
0.695754,1.10822,1.71017e+09
0.695754,1.10822,1.71017e+09
0.695754,1.10822,1.71017e+09
0.695754,1.10822,1.71017e+09
0.695754,1.10822,1.71017e+09
0.695754,1.10822,1.71017e+09
0.695754,1.10822,1.71017e+09
0.695754,1.10822,1.71017e+09
0.695754,1.10822,1.71017e+09
0.695754,1.10822,1.71017e+09
0.695754,1.10822,1.71017e+09
0.695754,1.10822,1.71017e+09
0.695754,1.10822,1.71017e+09
0.695754,1.10822,1.71017e+09
0.695754,1.10822,1.71017e+09
0.695754,1.10822,1.71017e+09
0.695754,1.10822,1.71017e+09
0.695754,1.10822,1.71017e+09
0.695754,1.10822,1.71017e+09
0.695754,1.10822,1.71017e+09
0.695754,1.10822,1.71017e+09
0.695754,1.10822,1.71017e+09
0.695754,1.10822,1.71017e+09
0.695754,1.10822,1.71017e+09
0.695754,1.10822,1.71017e+09
0.695754,1.10822,1.71017e+09
0.695754,1.10822,1.71017e+09
0.695754,1.10822,1.71017e+09
0.695754,1.10822,1.71017e+09
0.695754,1.10822,1.71017e+09
0.695754,1.10822,1.71017e+09
0.695754,1.10822,1.71017e+09
0.695754,1.10822,1.71017e+09
0.695754,1.10822,1.71017e+09
0.695754,1.10822,1.71017e+09
0.695754,1.10822,1.71017e+09
0.695754,1.10822,1.71017e+09
0.695754,1.10822,1.71017e+09
0.695754,1.10822,1.71017e+09
0.695754,1.10822,1.71017e+09
0.695754,1.10822,1.71017e+09
0.695754,1.10822,1.71017e+09
0.701747,1.10077,1.71017e+09
0.701747,1.10077,1.71017e+09
0.701747,1.10077,1.71017e+09
0.701747,1.10077,1.71017e+09
0.701747,1.10077,1.71017e+09
0.701747,1.10077,1.71017e+09
0.701747,1.10077,1.71017e+09
0.701747,1.10077,1.71017e+09
0.701747,1.10077,1.71017e+09
0.701747,1.10077,1.71017e+09
0.701747,1.10077,1.71017e+09
0.701747,1.10077,1.71017e+09
0.701747,1.10077,1.71017e+09
0.701747,1.10077,1.71017e+09
0.701747,1.10077,1.71017e+09
0.701747,1.10077,1.71017e+09
0.701747,1.10077,1.71017e+09
0.701747,1.10077,1.71017e+09
0.701747,1.10077,1.71017e+09
0.701747,1.10077,1.71017e+09
0.701747,1.10077,1.71017e+09
0.701747,1.10077,1.71017e+09
0.701747,1.10077,1.71017e+09
0.701747,1.10077,1.71017e+09
0.701747,1.10077,1.71017e+09
0.701747,1.10077,1.71017e+09
0.701747,1.10077,1.71017e+09
0.701747,1.10077,1.71017e+09
0.701747,1.10077,1.71017e+09
0.701747,1.10077,1.71017e+09
0.701747,1.10077,1.71017e+09
0.701747,1.10077,1.71017e+09
0.701747,1.10077,1.71017e+09
0.701747,1.10077,1.71017e+09
0.701747,1.10077,1.71017e+09
0.701747,1.10077,1.71017e+09
0.701747,1.10077,1.71017e+09
0.701747,1.10077,1.71017e+09
0.701747,1.10077,1.71017e+09
0.701747,1.10077,1.71017e+09
0.701747,1.10077,1.71017e+09
0.701747,1.10077,1.71017e+09
0.701747,1.10077,1.71017e+09
0.701747,1.10077,1.71017e+09
0.701747,1.10077,1.71017e+09
0.701747,1.10077,1.71017e+09
0.701747,1.10077,1.71017e+09
0.701747,1.10077,1.71017e+09
0.701747,1.10077,1.71017e+09
0.701747,1.10077,1.71017e+09
0.701747,1.10077,1.71017e+09
0.701747,1.10077,1.71017e+09
0.701747,1.10077,1.71017e+09
0.701747,1.10077,1.71017e+09
0.701747,1.10077,1.71017e+09
0.701747,1.10077,1.71017e+09
0.701747,1.10077,1.71017e+09
0.701747,1.10077,1.71017e+09
0.701747,1.10077,1.71017e+09
0.701747,1.10077,1.71017e+09
0.701747,1.10077,1.71017e+09
0.701747,1.10077,1.71017e+09
0.701747,1.10077,1.71017e+09
0.701747,1.10077,1.71017e+09
0.701747,1.10077,1.71017e+09
0.701747,1.10077,1.71017e+09
0.701747,1.10077,1.71017e+09
0.701747,1.10077,1.71017e+09
0.701747,1.10077,1.71017e+09
0.701747,1.10077,1.71017e+09
0.701747,1.10077,1.71017e+09
0.701747,1.10077,1.71017e+09
0.701747,1.10077,1.71017e+09
0.701747,1.10077,1.71017e+09
0.70699,1.09391,1.71017e+09
0.70699,1.09391,1.71017e+09
0.70699,1.09391,1.71017e+09
0.70699,1.09391,1.71017e+09
0.70699,1.09391,1.71017e+09
0.70699,1.09391,1.71017e+09
0.70699,1.09391,1.71017e+09
0.70699,1.09391,1.71017e+09
0.70699,1.09391,1.71017e+09
0.70699,1.09391,1.71017e+09
0.70699,1.09391,1.71017e+09
0.70699,1.09391,1.71017e+09
0.70699,1.09391,1.71017e+09
0.70699,1.09391,1.71017e+09
0.70699,1.09391,1.71017e+09
0.70699,1.09391,1.71017e+09
0.70699,1.09391,1.71017e+09
0.70699,1.09391,1.71017e+09
0.70699,1.09391,1.71017e+09
0.70699,1.09391,1.71017e+09
0.70699,1.09391,1.71017e+09
0.70699,1.09391,1.71017e+09
0.70699,1.09391,1.71017e+09
0.70699,1.09391,1.71017e+09
0.70699,1.09391,1.71017e+09
0.70699,1.09391,1.71017e+09
0.70699,1.09391,1.71017e+09
0.70699,1.09391,1.71017e+09
0.70699,1.09391,1.71017e+09
0.70699,1.09391,1.71017e+09
0.70699,1.09391,1.71017e+09
0.70699,1.09391,1.71017e+09
0.70699,1.09391,1.71017e+09
0.70699,1.09391,1.71017e+09
0.70699,1.09391,1.71017e+09
0.70699,1.09391,1.71017e+09
0.70699,1.09391,1.71017e+09
0.70699,1.09391,1.71017e+09
0.70699,1.09391,1.71017e+09
0.70699,1.09391,1.71017e+09
0.70699,1.09391,1.71017e+09
0.70699,1.09391,1.71017e+09
0.70699,1.09391,1.71017e+09
0.70699,1.09391,1.71017e+09
0.70699,1.09391,1.71017e+09
0.70699,1.09391,1.71017e+09
0.70699,1.09391,1.71017e+09
0.70699,1.09391,1.71017e+09
0.70699,1.09391,1.71017e+09
0.70699,1.09391,1.71017e+09
0.70699,1.09391,1.71017e+09
0.70699,1.09391,1.71017e+09
0.70699,1.09391,1.71017e+09
0.70699,1.09391,1.71017e+09
0.70699,1.09391,1.71017e+09
0.70699,1.09391,1.71017e+09
0.70699,1.09391,1.71017e+09
0.70699,1.09391,1.71017e+09
0.70699,1.09391,1.71017e+09
0.70699,1.09391,1.71017e+09
0.70699,1.09391,1.71017e+09
0.70699,1.09391,1.71017e+09
0.70699,1.09391,1.71017e+09
0.70699,1.09391,1.71017e+09
0.70699,1.09391,1.71017e+09
0.70699,1.09391,1.71017e+09
0.70699,1.09391,1.71017e+09
0.70699,1.09391,1.71017e+09
0.70699,1.09391,1.71017e+09
0.70699,1.09391,1.71017e+09
0.70699,1.09391,1.71017e+09
0.70699,1.09391,1.71017e+09
0.70699,1.09391,1.71017e+09
0.70699,1.09391,1.71017e+09
0.70699,1.09391,1.71017e+09
0.70699,1.09391,1.71017e+09
0.70699,1.09391,1.71017e+09
0.711714,1.08798,1.71017e+09
0.711714,1.08798,1.71017e+09
0.711714,1.08798,1.71017e+09
0.711714,1.08798,1.71017e+09
0.711714,1.08798,1.71017e+09
0.711714,1.08798,1.71017e+09
0.711714,1.08798,1.71017e+09
0.711714,1.08798,1.71017e+09
0.711714,1.08798,1.71017e+09
0.711714,1.08798,1.71017e+09
0.711714,1.08798,1.71017e+09
0.711714,1.08798,1.71017e+09
0.711714,1.08798,1.71017e+09
0.711714,1.08798,1.71017e+09
0.711714,1.08798,1.71017e+09
0.711714,1.08798,1.71017e+09
0.711714,1.08798,1.71017e+09
0.711714,1.08798,1.71017e+09
0.711714,1.08798,1.71017e+09
0.711714,1.08798,1.71017e+09
0.711714,1.08798,1.71017e+09
0.711714,1.08798,1.71017e+09
0.711714,1.08798,1.71017e+09
0.711714,1.08798,1.71017e+09
0.711714,1.08798,1.71017e+09
0.711714,1.08798,1.71017e+09
0.711714,1.08798,1.71017e+09
0.711714,1.08798,1.71017e+09
0.711714,1.08798,1.71017e+09
0.711714,1.08798,1.71017e+09
0.711714,1.08798,1.71017e+09
0.711714,1.08798,1.71017e+09
0.711714,1.08798,1.71017e+09
0.711714,1.08798,1.71017e+09
0.711714,1.08798,1.71017e+09
0.711714,1.08798,1.71017e+09
0.711714,1.08798,1.71017e+09
0.711714,1.08798,1.71017e+09
0.711714,1.08798,1.71017e+09
0.711714,1.08798,1.71017e+09
0.711714,1.08798,1.71017e+09
0.711714,1.08798,1.71017e+09
0.711714,1.08798,1.71017e+09
0.711714,1.08798,1.71017e+09
0.711714,1.08798,1.71017e+09
0.711714,1.08798,1.71017e+09
0.711714,1.08798,1.71017e+09
0.711714,1.08798,1.71017e+09
0.711714,1.08798,1.71017e+09
0.711714,1.08798,1.71017e+09
0.711714,1.08798,1.71017e+09
0.711714,1.08798,1.71017e+09
0.711714,1.08798,1.71017e+09
0.711714,1.08798,1.71017e+09
0.711714,1.08798,1.71017e+09
0.711714,1.08798,1.71017e+09
0.711714,1.08798,1.71017e+09
0.711714,1.08798,1.71017e+09
0.711714,1.08798,1.71017e+09
0.711714,1.08798,1.71017e+09
0.711714,1.08798,1.71017e+09
0.711714,1.08798,1.71017e+09
0.711714,1.08798,1.71017e+09
0.711714,1.08798,1.71017e+09
0.711714,1.08798,1.71017e+09
0.711714,1.08798,1.71017e+09
0.711714,1.08798,1.71017e+09
0.711714,1.08798,1.71017e+09
0.711714,1.08798,1.71017e+09
0.711714,1.08798,1.71017e+09
0.711714,1.08798,1.71017e+09
0.711714,1.08798,1.71017e+09
0.711714,1.08798,1.71017e+09
0.711714,1.08798,1.71017e+09
0.717024,1.08223,1.71017e+09
0.717024,1.08223,1.71017e+09
0.717024,1.08223,1.71017e+09
0.717024,1.08223,1.71017e+09
0.717024,1.08223,1.71017e+09
0.717024,1.08223,1.71017e+09
0.717024,1.08223,1.71017e+09
0.717024,1.08223,1.71017e+09
0.717024,1.08223,1.71017e+09
0.717024,1.08223,1.71017e+09
0.717024,1.08223,1.71017e+09
0.717024,1.08223,1.71017e+09
0.717024,1.08223,1.71017e+09
0.717024,1.08223,1.71017e+09
0.717024,1.08223,1.71017e+09
0.717024,1.08223,1.71017e+09
0.717024,1.08223,1.71017e+09
0.717024,1.08223,1.71017e+09
0.717024,1.08223,1.71017e+09
0.717024,1.08223,1.71017e+09
0.717024,1.08223,1.71017e+09
0.717024,1.08223,1.71017e+09
0.717024,1.08223,1.71017e+09
0.717024,1.08223,1.71017e+09
0.717024,1.08223,1.71017e+09
0.717024,1.08223,1.71017e+09
0.717024,1.08223,1.71017e+09
0.717024,1.08223,1.71017e+09
0.717024,1.08223,1.71017e+09
0.717024,1.08223,1.71017e+09
0.717024,1.08223,1.71017e+09
0.717024,1.08223,1.71017e+09
0.717024,1.08223,1.71017e+09
0.717024,1.08223,1.71017e+09
0.717024,1.08223,1.71017e+09
0.717024,1.08223,1.71017e+09
0.717024,1.08223,1.71017e+09
0.717024,1.08223,1.71017e+09
0.717024,1.08223,1.71017e+09
0.717024,1.08223,1.71017e+09
0.717024,1.08223,1.71017e+09
0.717024,1.08223,1.71017e+09
0.717024,1.08223,1.71017e+09
0.717024,1.08223,1.71017e+09
0.717024,1.08223,1.71017e+09
0.717024,1.08223,1.71017e+09
0.717024,1.08223,1.71017e+09
0.717024,1.08223,1.71017e+09
0.717024,1.08223,1.71017e+09
0.717024,1.08223,1.71017e+09
0.717024,1.08223,1.71017e+09
0.717024,1.08223,1.71017e+09
0.717024,1.08223,1.71017e+09
0.717024,1.08223,1.71017e+09
0.717024,1.08223,1.71017e+09
0.717024,1.08223,1.71017e+09
0.717024,1.08223,1.71017e+09
0.717024,1.08223,1.71017e+09
0.717024,1.08223,1.71017e+09
0.717024,1.08223,1.71017e+09
0.717024,1.08223,1.71017e+09
0.717024,1.08223,1.71017e+09
0.717024,1.08223,1.71017e+09
0.717024,1.08223,1.71017e+09
0.717024,1.08223,1.71017e+09
0.717024,1.08223,1.71017e+09
0.717024,1.08223,1.71017e+09
0.717024,1.08223,1.71017e+09
0.717024,1.08223,1.71017e+09
0.717024,1.08223,1.71017e+09
0.717024,1.08223,1.71017e+09
0.717024,1.08223,1.71017e+09
0.717024,1.08223,1.71017e+09
0.722284,1.07748,1.71017e+09
0.722284,1.07748,1.71017e+09
0.722284,1.07748,1.71017e+09
0.722284,1.07748,1.71017e+09
0.722284,1.07748,1.71017e+09
0.722284,1.07748,1.71017e+09
0.722284,1.07748,1.71017e+09
0.722284,1.07748,1.71017e+09
0.722284,1.07748,1.71017e+09
0.722284,1.07748,1.71017e+09
0.722284,1.07748,1.71017e+09
0.722284,1.07748,1.71017e+09
0.722284,1.07748,1.71017e+09
0.722284,1.07748,1.71017e+09
0.722284,1.07748,1.71017e+09
0.722284,1.07748,1.71017e+09
0.722284,1.07748,1.71017e+09
0.722284,1.07748,1.71017e+09
0.722284,1.07748,1.71017e+09
0.722284,1.07748,1.71017e+09
0.722284,1.07748,1.71017e+09
0.722284,1.07748,1.71017e+09
0.722284,1.07748,1.71017e+09
0.722284,1.07748,1.71017e+09
0.722284,1.07748,1.71017e+09
0.722284,1.07748,1.71017e+09
0.722284,1.07748,1.71017e+09
0.722284,1.07748,1.71017e+09
0.722284,1.07748,1.71017e+09
0.722284,1.07748,1.71017e+09
0.722284,1.07748,1.71017e+09
0.722284,1.07748,1.71017e+09
0.722284,1.07748,1.71017e+09
0.722284,1.07748,1.71017e+09
0.722284,1.07748,1.71017e+09
0.722284,1.07748,1.71017e+09
0.722284,1.07748,1.71017e+09
0.722284,1.07748,1.71017e+09
0.722284,1.07748,1.71017e+09
0.722284,1.07748,1.71017e+09
0.722284,1.07748,1.71017e+09
0.722284,1.07748,1.71017e+09
0.722284,1.07748,1.71017e+09
0.722284,1.07748,1.71017e+09
0.722284,1.07748,1.71017e+09
0.722284,1.07748,1.71017e+09
0.722284,1.07748,1.71017e+09
0.722284,1.07748,1.71017e+09
0.722284,1.07748,1.71017e+09
0.722284,1.07748,1.71017e+09
0.722284,1.07748,1.71017e+09
0.722284,1.07748,1.71017e+09
0.722284,1.07748,1.71017e+09
0.722284,1.07748,1.71017e+09
0.722284,1.07748,1.71017e+09
0.722284,1.07748,1.71017e+09
0.722284,1.07748,1.71017e+09
0.722284,1.07748,1.71017e+09
0.722284,1.07748,1.71017e+09
0.722284,1.07748,1.71017e+09
0.722284,1.07748,1.71017e+09
0.722284,1.07748,1.71017e+09
0.722284,1.07748,1.71017e+09
0.722284,1.07748,1.71017e+09
0.722284,1.07748,1.71017e+09
0.722284,1.07748,1.71017e+09
0.722284,1.07748,1.71017e+09
0.722284,1.07748,1.71017e+09
0.722284,1.07748,1.71017e+09
0.726687,1.07082,1.71017e+09
0.726687,1.07082,1.71017e+09
0.726687,1.07082,1.71017e+09
0.726687,1.07082,1.71017e+09
0.726687,1.07082,1.71017e+09
0.726687,1.07082,1.71017e+09
0.726687,1.07082,1.71017e+09
0.726687,1.07082,1.71017e+09
0.726687,1.07082,1.71017e+09
0.726687,1.07082,1.71017e+09
0.726687,1.07082,1.71017e+09
0.726687,1.07082,1.71017e+09
0.726687,1.07082,1.71017e+09
0.726687,1.07082,1.71017e+09
0.726687,1.07082,1.71017e+09
0.726687,1.07082,1.71017e+09
0.726687,1.07082,1.71017e+09
0.726687,1.07082,1.71017e+09
0.726687,1.07082,1.71017e+09
0.726687,1.07082,1.71017e+09
0.726687,1.07082,1.71017e+09
0.726687,1.07082,1.71017e+09
0.726687,1.07082,1.71017e+09
0.726687,1.07082,1.71017e+09
0.726687,1.07082,1.71017e+09
0.726687,1.07082,1.71017e+09
0.726687,1.07082,1.71017e+09
0.726687,1.07082,1.71017e+09
0.726687,1.07082,1.71017e+09
0.726687,1.07082,1.71017e+09
0.726687,1.07082,1.71017e+09
0.726687,1.07082,1.71017e+09
0.726687,1.07082,1.71017e+09
0.726687,1.07082,1.71017e+09
0.726687,1.07082,1.71017e+09
0.726687,1.07082,1.71017e+09
0.726687,1.07082,1.71017e+09
0.726687,1.07082,1.71017e+09
0.726687,1.07082,1.71017e+09
0.726687,1.07082,1.71017e+09
0.726687,1.07082,1.71017e+09
0.726687,1.07082,1.71017e+09
0.726687,1.07082,1.71017e+09
0.726687,1.07082,1.71017e+09
0.726687,1.07082,1.71017e+09
0.726687,1.07082,1.71017e+09
0.726687,1.07082,1.71017e+09
0.726687,1.07082,1.71017e+09
0.726687,1.07082,1.71017e+09
0.726687,1.07082,1.71017e+09
0.726687,1.07082,1.71017e+09
0.726687,1.07082,1.71017e+09
0.726687,1.07082,1.71017e+09
0.726687,1.07082,1.71017e+09
0.726687,1.07082,1.71017e+09
0.726687,1.07082,1.71017e+09
0.726687,1.07082,1.71017e+09
0.726687,1.07082,1.71017e+09
0.726687,1.07082,1.71017e+09
0.726687,1.07082,1.71017e+09
0.726687,1.07082,1.71017e+09
0.726687,1.07082,1.71017e+09
0.726687,1.07082,1.71017e+09
0.726687,1.07082,1.71017e+09
0.726687,1.07082,1.71017e+09
0.726687,1.07082,1.71017e+09
0.726687,1.07082,1.71017e+09
0.726687,1.07082,1.71017e+09
0.726687,1.07082,1.71017e+09
0.726687,1.07082,1.71017e+09
0.726687,1.07082,1.71017e+09
0.726687,1.07082,1.71017e+09
0.726687,1.07082,1.71017e+09
0.726687,1.07082,1.71017e+09
0.726687,1.07082,1.71017e+09
0.726687,1.07082,1.71017e+09
